{"cameraMode":{"drawMode":0,"name":"Shaded","section":"Shading Mode"},"sceneLighting":false,"audioPlay":false,"sceneViewState":{"m_AlwaysRefresh":false,"showFog":true,"showSkybox":false,"showFlares":true,"showImageEffects":true,"showParticleSystems":true,"showVisualEffectGraphs":true,"m_FxEnabled":true},"in2DMode":false,"pivot":{"x":7.450580596923828e-9,"y":3.0299999713897707,"z":0.04000091552734375},"rotation":{"x":0.3891126811504364,"y":-0.44968298077583315,"z":0.22735372185707093,"w":0.771416187286377},"size":30.001262664794923,"orthographic":false}